Produto, Valor, Link
Nintendo DSI xl,R$ 300,https://sp.olx.com.br/baixada-santista-e-litoral-sul/videogames/nintendo-dsi-xl-846303277
NINTENDO 3DS DESBLOQUEADO ACEITA TROCA,R$ 750,https://sp.olx.com.br/baixada-santista-e-litoral-sul/videogames/nintendo-3ds-xl-novo-831889511
Vendo jogo para Nintendo 3ds,R$ 700,https://sp.olx.com.br/baixada-santista-e-litoral-sul/videogames/nintendo-3ds-desbloqueado-aceita-troca-846800758
Vendo jogo para Nintendo 3ds,R$ 85,https://sp.olx.com.br/baixada-santista-e-litoral-sul/videogames/vendo-jogo-para-nintendo-3ds-846663129
Vendo jogo para Nintendo 3ds,R$ 85,https://sp.olx.com.br/baixada-santista-e-litoral-sul/videogames/vendo-jogo-para-nintendo-3ds-846654666
Vendo jogo para Nintendo 3ds,R$ 90,https://sp.olx.com.br/baixada-santista-e-litoral-sul/videogames/vendo-jogo-para-nintendo-3ds-846630026
Vendo jogo para Nintendo 3ds,R$ 85,https://sp.olx.com.br/baixada-santista-e-litoral-sul/videogames/vendo-jogo-para-nintendo-3ds-846629745
Vendo jogo para Nintendo 3ds,R$ 85,https://sp.olx.com.br/baixada-santista-e-litoral-sul/videogames/vendo-jogo-para-nintendo-3ds-846630371
Vendo Nintendo DSi XL, desbloqueado,R$ 90,https://sp.olx.com.br/baixada-santista-e-litoral-sul/videogames/vendo-jogo-para-nintendo-3ds-846629223
PSP 3001 e Nintendo DSi XL edição especial,R$ 400,https://sp.olx.com.br/baixada-santista-e-litoral-sul/videogames/vendo-nintendo-dsi-xl-desbloqueado-845632100
Vendo Nintendo x7 plus seme novo,R$ 600,https://sp.olx.com.br/baixada-santista-e-litoral-sul/videogames/psp-3001-e-nintendo-dsi-xl-edicao-especial-847149975
Nintendo 3DS com 3 jogos e kit para desbloquear,R$ 180,https://sp.olx.com.br/baixada-santista-e-litoral-sul/videogames/vendo-nintendo-x7-plus-seme-novo-845802220
Jogos de Nintendo 3DS / 2DS e carregador original,R$ 550,https://sp.olx.com.br/baixada-santista-e-litoral-sul/videogames/nintendo-3ds-com-3-jogos-e-kit-para-desbloquear-845721027
Pokémon White Version,R$ 100,https://sp.olx.com.br/baixada-santista-e-litoral-sul/videogames/jogos-de-nintendo-3ds-2ds-e-carregador-original-831763862
Vendo jogos (03) de Nintendo 3ds xl.,R$ 800,https://sp.olx.com.br/baixada-santista-e-litoral-sul/videogames/pokemon-white-version-846817312
3ds primeiro modelo NAO ESTA DESBLOQUEADO,R$ 150,https://sp.olx.com.br/baixada-santista-e-litoral-sul/videogames/vendo-jogos-03-de-nintendo-3ds-xl-845015146
Nintendo switch sem Dock, só console e joycons e fonte, troco por ps4 slim mais volta.,R$ 200,https://sp.olx.com.br/baixada-santista-e-litoral-sul/videogames/3ds-primeiro-modelo-nao-esta-desbloqueado-845875057
New Super Mario Bros 2 Japonês / 3DS,R$ 1.800,https://sp.olx.com.br/baixada-santista-e-litoral-sul/videogames/nintendo-switch-sem-dock-so-console-e-joycons-e-fonte-troco-por-ps4-slim-mais-volta-845681249
Chip Xeno 2.0 para game cube,R$ 60,https://sp.olx.com.br/baixada-santista-e-litoral-sul/videogames/new-super-mario-bros-2-japones-3ds-838193759
Nintendo DS Lite,R$ 50,https://sp.olx.com.br/baixada-santista-e-litoral-sul/videogames/chip-xeno-2-0-para-game-cube-845490440
DSi rosa,R$ 300,https://sp.olx.com.br/baixada-santista-e-litoral-sul/videogames/nintendo-ds-lite-843990611
Jogos de nintendo 3ds ( ver o anuncio ),R$ 300,https://sp.olx.com.br/baixada-santista-e-litoral-sul/videogames/dsi-rosa-845159609
PES 2013 Nintendo 3DS,R$ 150,https://sp.olx.com.br/baixada-santista-e-litoral-sul/videogames/jogos-de-nintendo-3ds-ver-o-anuncio-844342615
Vendo nitendo 3Ds,R$ 40,https://sp.olx.com.br/baixada-santista-e-litoral-sul/videogames/pes-2013-nintendo-3ds-844120750
Jogos de Nintendo 3DS,R$ 650,https://sp.olx.com.br/baixada-santista-e-litoral-sul/videogames/vendo-nitendo-3ds-844097163
Bateria Nintendo Dsi XL original,R$ 120,https://sp.olx.com.br/baixada-santista-e-litoral-sul/videogames/jogos-de-nintendo-3ds-842992687
Nintendo ds,R$ 130,https://sp.olx.com.br/baixada-santista-e-litoral-sul/videogames/bateria-nintendo-dsi-xl-original-842620282
Nintendo DSi XL,R$ 350,https://sp.olx.com.br/baixada-santista-e-litoral-sul/videogames/nintendo-ds-841480251
3DS desbloqueado,R$ 400,https://sp.olx.com.br/baixada-santista-e-litoral-sul/videogames/nintendo-dsi-xl-842020608
Relógio Nintendo,R$ 650,https://sp.olx.com.br/baixada-santista-e-litoral-sul/videogames/3ds-desbloqueado-842378535
Nintendo ds tela de cima off,R$ 250,https://sp.olx.com.br/baixada-santista-e-litoral-sul/videogames/relogio-nintendo-841134918
Nintendo 3DS XL vermelho pouco uso,R$ 200,https://sp.olx.com.br/baixada-santista-e-litoral-sul/videogames/nintendo-ds-tela-de-cima-off-840473771
Nintendo DS,R$ 1.000,https://sp.olx.com.br/baixada-santista-e-litoral-sul/videogames/nintendo-3ds-xl-vermelho-pouco-uso-840853102
Fonte Original Nintendo 3DS,R$ 150,https://sp.olx.com.br/baixada-santista-e-litoral-sul/videogames/nintendo-ds-838882093
Nintendo 3ds xl + zelda ocarina of time,R$ 850,https://sp.olx.com.br/baixada-santista-e-litoral-sul/videogames/nintendo-3ds-xl-versao-luigi-limitada-833516186
Ds lite,R$ 50,https://sp.olx.com.br/baixada-santista-e-litoral-sul/videogames/fonte-original-nintendo-3ds-839583852
New nintendo 3dsXL com dois jogos,R$ 800,https://sp.olx.com.br/baixada-santista-e-litoral-sul/videogames/nintendo-3ds-xl-zelda-ocarina-of-time-840013423
Console DSXL,R$ 230,https://sp.olx.com.br/baixada-santista-e-litoral-sul/videogames/ds-lite-838613766
Nintendo 3DS Seminovo,R$ 950,https://sp.olx.com.br/baixada-santista-e-litoral-sul/videogames/new-nintendo-3dsxl-com-dois-jogos-839084595
Jogos originais 3ds 3por$80,R$ 500,https://sp.olx.com.br/baixada-santista-e-litoral-sul/videogames/console-dsxl-839978792
Jogos pokémon 3DS,R$ 800,https://sp.olx.com.br/baixada-santista-e-litoral-sul/videogames/nintendo-3ds-seminovo-838092879
Jogos Mario 3DS,R$ 80,https://sp.olx.com.br/baixada-santista-e-litoral-sul/videogames/jogos-originais-3ds-3por-80-839453709
Nintendo ds i com 15 jogos cartão R4,R$ 120,https://sp.olx.com.br/baixada-santista-e-litoral-sul/videogames/jogos-pokemon-3ds-837990137
Nintendo DS Lite,R$ 80,https://sp.olx.com.br/baixada-santista-e-litoral-sul/videogames/jogos-mario-3ds-837956082
Nintendo dsi xl,R$ 230,https://sp.olx.com.br/baixada-santista-e-litoral-sul/videogames/nintendo-ds-i-com-15-jogos-cartao-r4-835882204
Jogos 3ds leia o anúncio.,R$ 180,https://sp.olx.com.br/baixada-santista-e-litoral-sul/videogames/nintendo-ds-lite-832017221
Nintendo Ds ntr 001Classico - Fat - 1ª Geração ,R4 +cartucho p/gba,R$ 350,https://sp.olx.com.br/baixada-santista-e-litoral-sul/videogames/nintendo-dsi-xl-834507979
Vende se jogo de Nintendo,R$ 50,https://sp.olx.com.br/baixada-santista-e-litoral-sul/videogames/jogos-3ds-leia-o-anuncio-836822781
Jogos de Nintendo DS e PSP. ( ler descrição),R$ 100,https://sp.olx.com.br/baixada-santista-e-litoral-sul/videogames/jogos-de-nintendo-ds-e-psp-ler-descricao-833090173
Nintendo Switch,R$ 2.400,https://sp.olx.com.br/baixada-santista-e-litoral-sul/videogames/nintendo-switch-832232663
3DS, DS e Switch - Jogos Novos e Usados,,https://sp.olx.com.br/baixada-santista-e-litoral-sul/videogames/3ds-ds-e-switch-jogos-novos-e-usados-837446120
2 3ds para retirar peças,R$ 350,https://sp.olx.com.br/baixada-santista-e-litoral-sul/videogames/2-3ds-para-retirar-pecas-834727863
Fita Nintendo Atari,R$ 60,https://sp.olx.com.br/baixada-santista-e-litoral-sul/videogames/fita-nintendo-atari-836887913
Nintendo 3DS,R$ 350,https://sp.olx.com.br/baixada-santista-e-litoral-sul/videogames/nintendo-3ds-830232535
Nintendo DS Rosa - Desapego - Aberto a negociar,R$ 275,https://sp.olx.com.br/baixada-santista-e-litoral-sul/videogames/nintendo-ds-rosa-desapego-aberto-a-negociar-821907746
Jogos para Nintendo DS,R$ 150,https://sp.olx.com.br/baixada-santista-e-litoral-sul/videogames/jogos-para-nintendo-ds-827603351
Jogo para nintendo DS,R$ 28,https://sp.olx.com.br/baixada-santista-e-litoral-sul/videogames/jogo-para-nintendo-ds-827595449
Jogo para nintendo DS,R$ 28,https://sp.olx.com.br/baixada-santista-e-litoral-sul/videogames/jogo-para-nintendo-ds-827594962
Jogo para nintendo DS,R$ 28,https://sp.olx.com.br/baixada-santista-e-litoral-sul/videogames/jogo-para-nintendo-ds-827594638
Jogo para Nintendo DS,R$ 28,https://sp.olx.com.br/baixada-santista-e-litoral-sul/videogames/jogo-para-nintendo-ds-827596684
Jogo para nintendo DS,R$ 28,https://sp.olx.com.br/baixada-santista-e-litoral-sul/videogames/jogo-para-nintendo-ds-827589548
Jogo para nintendo DS,R$ 28,https://sp.olx.com.br/baixada-santista-e-litoral-sul/videogames/jogo-para-nintendo-ds-827588997
Jogo para nintendo DS,R$ 28,https://sp.olx.com.br/baixada-santista-e-litoral-sul/videogames/jogo-para-nintendo-ds-827587914
Jogo para nintendo DS,R$ 28,https://sp.olx.com.br/baixada-santista-e-litoral-sul/videogames/jogo-para-nintendo-ds-827595949
Jogo para nintendo DS,R$ 28,https://sp.olx.com.br/baixada-santista-e-litoral-sul/videogames/jogo-para-nintendo-ds-827588518
MarioKart7,R$ 70,https://sp.olx.com.br/baixada-santista-e-litoral-sul/videogames/mariokart7-832631508
Super Mario 3DLand,R$ 70,https://sp.olx.com.br/baixada-santista-e-litoral-sul/videogames/super-mario-3dland-832531509
Pokémon Nintendo 3ds,R$ 100,https://sp.olx.com.br/baixada-santista-e-litoral-sul/videogames/pokemon-nintendo-3ds-828763786
Jogo Nintendo 3ds pokémon omega,R$ 120,https://sp.olx.com.br/baixada-santista-e-litoral-sul/videogames/jogo-nintendo-3ds-pokemon-omega-828764547
Nintendo 3 dsxl,R$ 1.000,https://sp.olx.com.br/baixada-santista-e-litoral-sul/videogames/nintendo-3-dsxl-827617569
Capa (cover) nintendo switch LITE,R$ 50,https://sp.olx.com.br/baixada-santista-e-litoral-sul/videogames/capa-cover-nintendo-switch-lite-828232498
Nintendo 3ds. LEIA.,R$ 40,https://sp.olx.com.br/baixada-santista-e-litoral-sul/videogames/nintendo-3ds-leia-817092317
Carregador de NDS Lite Original (Semi-Novo),R$ 50,https://sp.olx.com.br/baixada-santista-e-litoral-sul/videogames/carregador-de-nds-lite-original-semi-novo-820812030
Jogos de Nintendo 3DS - Originais,R$ 60,https://sp.olx.com.br/baixada-santista-e-litoral-sul/videogames/jogos-de-nintendo-3ds-originais-825137571
Pokemon X (Seminovo),R$ 80,https://sp.olx.com.br/baixada-santista-e-litoral-sul/videogames/pokemon-x-seminovo-817761051
Assistência Técnica Especializada em Games,,https://sp.olx.com.br/baixada-santista-e-litoral-sul/servicos/assistencia-tecnica-especializada-em-games-837244600
Jogos de Nintendo DS e PSP. ( ler descrição),R$ 100,https://sp.olx.com.br/baixada-santista-e-litoral-sul/videogames/jogos-de-nintendo-ds-e-psp-ler-descricao-833090173
Nintendo Switch,R$ 2.400,https://sp.olx.com.br/baixada-santista-e-litoral-sul/videogames/nintendo-switch-832232663
3DS, DS e Switch - Jogos Novos e Usados,,https://sp.olx.com.br/baixada-santista-e-litoral-sul/videogames/3ds-ds-e-switch-jogos-novos-e-usados-837446120
2 3ds para retirar peças,R$ 350,https://sp.olx.com.br/baixada-santista-e-litoral-sul/videogames/2-3ds-para-retirar-pecas-834727863
Fita Nintendo Atari,R$ 60,https://sp.olx.com.br/baixada-santista-e-litoral-sul/videogames/fita-nintendo-atari-836887913
Nintendo 3DS,R$ 350,https://sp.olx.com.br/baixada-santista-e-litoral-sul/videogames/nintendo-3ds-830232535
Nintendo DS Rosa - Desapego - Aberto a negociar,R$ 275,https://sp.olx.com.br/baixada-santista-e-litoral-sul/videogames/nintendo-ds-rosa-desapego-aberto-a-negociar-821907746
Jogos para Nintendo DS,R$ 150,https://sp.olx.com.br/baixada-santista-e-litoral-sul/videogames/jogos-para-nintendo-ds-827603351
Jogo para nintendo DS,R$ 28,https://sp.olx.com.br/baixada-santista-e-litoral-sul/videogames/jogo-para-nintendo-ds-827595449
Jogo para nintendo DS,R$ 28,https://sp.olx.com.br/baixada-santista-e-litoral-sul/videogames/jogo-para-nintendo-ds-827594962
Jogo para nintendo DS,R$ 28,https://sp.olx.com.br/baixada-santista-e-litoral-sul/videogames/jogo-para-nintendo-ds-827594638
Jogo para Nintendo DS,R$ 28,https://sp.olx.com.br/baixada-santista-e-litoral-sul/videogames/jogo-para-nintendo-ds-827596684
Jogo para nintendo DS,R$ 28,https://sp.olx.com.br/baixada-santista-e-litoral-sul/videogames/jogo-para-nintendo-ds-827589548
Jogo para nintendo DS,R$ 28,https://sp.olx.com.br/baixada-santista-e-litoral-sul/videogames/jogo-para-nintendo-ds-827588997
Jogo para nintendo DS,R$ 28,https://sp.olx.com.br/baixada-santista-e-litoral-sul/videogames/jogo-para-nintendo-ds-827587914
Jogo para nintendo DS,R$ 28,https://sp.olx.com.br/baixada-santista-e-litoral-sul/videogames/jogo-para-nintendo-ds-827595949
Jogo para nintendo DS,R$ 28,https://sp.olx.com.br/baixada-santista-e-litoral-sul/videogames/jogo-para-nintendo-ds-827588518
MarioKart7,R$ 70,https://sp.olx.com.br/baixada-santista-e-litoral-sul/videogames/mariokart7-832631508
Super Mario 3DLand,R$ 70,https://sp.olx.com.br/baixada-santista-e-litoral-sul/videogames/super-mario-3dland-832531509
Pokémon Nintendo 3ds,R$ 100,https://sp.olx.com.br/baixada-santista-e-litoral-sul/videogames/pokemon-nintendo-3ds-828763786
Jogo Nintendo 3ds pokémon omega,R$ 120,https://sp.olx.com.br/baixada-santista-e-litoral-sul/videogames/jogo-nintendo-3ds-pokemon-omega-828764547
Nintendo 3 dsxl,R$ 1.000,https://sp.olx.com.br/baixada-santista-e-litoral-sul/videogames/nintendo-3-dsxl-827617569
Capa (cover) nintendo switch LITE,R$ 50,https://sp.olx.com.br/baixada-santista-e-litoral-sul/videogames/capa-cover-nintendo-switch-lite-828232498
Nintendo 3ds. LEIA.,R$ 40,https://sp.olx.com.br/baixada-santista-e-litoral-sul/videogames/nintendo-3ds-leia-817092317
Carregador de NDS Lite Original (Semi-Novo),R$ 50,https://sp.olx.com.br/baixada-santista-e-litoral-sul/videogames/carregador-de-nds-lite-original-semi-novo-820812030
Jogos de Nintendo 3DS - Originais,R$ 60,https://sp.olx.com.br/baixada-santista-e-litoral-sul/videogames/jogos-de-nintendo-3ds-originais-825137571
Pokemon X (Seminovo),R$ 80,https://sp.olx.com.br/baixada-santista-e-litoral-sul/videogames/pokemon-x-seminovo-817761051
Assistência Técnica Especializada em Games,,https://sp.olx.com.br/baixada-santista-e-litoral-sul/servicos/assistencia-tecnica-especializada-em-games-837244600
Jogos de Nintendo DS e PSP. ( ler descrição),R$ 100,https://sp.olx.com.br/baixada-santista-e-litoral-sul/videogames/jogos-de-nintendo-ds-e-psp-ler-descricao-833090173
Nintendo Switch,R$ 2.400,https://sp.olx.com.br/baixada-santista-e-litoral-sul/videogames/nintendo-switch-832232663
3DS, DS e Switch - Jogos Novos e Usados,,https://sp.olx.com.br/baixada-santista-e-litoral-sul/videogames/3ds-ds-e-switch-jogos-novos-e-usados-837446120
2 3ds para retirar peças,R$ 350,https://sp.olx.com.br/baixada-santista-e-litoral-sul/videogames/2-3ds-para-retirar-pecas-834727863
Fita Nintendo Atari,R$ 60,https://sp.olx.com.br/baixada-santista-e-litoral-sul/videogames/fita-nintendo-atari-836887913
Nintendo 3DS,R$ 350,https://sp.olx.com.br/baixada-santista-e-litoral-sul/videogames/nintendo-3ds-830232535
Nintendo DS Rosa - Desapego - Aberto a negociar,R$ 275,https://sp.olx.com.br/baixada-santista-e-litoral-sul/videogames/nintendo-ds-rosa-desapego-aberto-a-negociar-821907746
Jogos para Nintendo DS,R$ 150,https://sp.olx.com.br/baixada-santista-e-litoral-sul/videogames/jogos-para-nintendo-ds-827603351
Jogo para nintendo DS,R$ 28,https://sp.olx.com.br/baixada-santista-e-litoral-sul/videogames/jogo-para-nintendo-ds-827595449
Jogo para nintendo DS,R$ 28,https://sp.olx.com.br/baixada-santista-e-litoral-sul/videogames/jogo-para-nintendo-ds-827594962
Jogo para nintendo DS,R$ 28,https://sp.olx.com.br/baixada-santista-e-litoral-sul/videogames/jogo-para-nintendo-ds-827594638
Jogo para Nintendo DS,R$ 28,https://sp.olx.com.br/baixada-santista-e-litoral-sul/videogames/jogo-para-nintendo-ds-827596684
Jogo para nintendo DS,R$ 28,https://sp.olx.com.br/baixada-santista-e-litoral-sul/videogames/jogo-para-nintendo-ds-827589548
Jogo para nintendo DS,R$ 28,https://sp.olx.com.br/baixada-santista-e-litoral-sul/videogames/jogo-para-nintendo-ds-827588997
Jogo para nintendo DS,R$ 28,https://sp.olx.com.br/baixada-santista-e-litoral-sul/videogames/jogo-para-nintendo-ds-827587914
Jogo para nintendo DS,R$ 28,https://sp.olx.com.br/baixada-santista-e-litoral-sul/videogames/jogo-para-nintendo-ds-827595949
Jogo para nintendo DS,R$ 28,https://sp.olx.com.br/baixada-santista-e-litoral-sul/videogames/jogo-para-nintendo-ds-827588518
MarioKart7,R$ 70,https://sp.olx.com.br/baixada-santista-e-litoral-sul/videogames/mariokart7-832631508
Super Mario 3DLand,R$ 70,https://sp.olx.com.br/baixada-santista-e-litoral-sul/videogames/super-mario-3dland-832531509
Pokémon Nintendo 3ds,R$ 100,https://sp.olx.com.br/baixada-santista-e-litoral-sul/videogames/pokemon-nintendo-3ds-828763786
Jogo Nintendo 3ds pokémon omega,R$ 120,https://sp.olx.com.br/baixada-santista-e-litoral-sul/videogames/jogo-nintendo-3ds-pokemon-omega-828764547
Nintendo 3 dsxl,R$ 1.000,https://sp.olx.com.br/baixada-santista-e-litoral-sul/videogames/nintendo-3-dsxl-827617569
Capa (cover) nintendo switch LITE,R$ 50,https://sp.olx.com.br/baixada-santista-e-litoral-sul/videogames/capa-cover-nintendo-switch-lite-828232498
Nintendo 3ds. LEIA.,R$ 40,https://sp.olx.com.br/baixada-santista-e-litoral-sul/videogames/nintendo-3ds-leia-817092317
Carregador de NDS Lite Original (Semi-Novo),R$ 50,https://sp.olx.com.br/baixada-santista-e-litoral-sul/videogames/carregador-de-nds-lite-original-semi-novo-820812030
Jogos de Nintendo 3DS - Originais,R$ 60,https://sp.olx.com.br/baixada-santista-e-litoral-sul/videogames/jogos-de-nintendo-3ds-originais-825137571
Pokemon X (Seminovo),R$ 80,https://sp.olx.com.br/baixada-santista-e-litoral-sul/videogames/pokemon-x-seminovo-817761051
Assistência Técnica Especializada em Games,,https://sp.olx.com.br/baixada-santista-e-litoral-sul/servicos/assistencia-tecnica-especializada-em-games-837244600
Jogos de Nintendo DS e PSP. ( ler descrição),R$ 100,https://sp.olx.com.br/baixada-santista-e-litoral-sul/videogames/jogos-de-nintendo-ds-e-psp-ler-descricao-833090173
Nintendo Switch,R$ 2.400,https://sp.olx.com.br/baixada-santista-e-litoral-sul/videogames/nintendo-switch-832232663
3DS, DS e Switch - Jogos Novos e Usados,,https://sp.olx.com.br/baixada-santista-e-litoral-sul/videogames/3ds-ds-e-switch-jogos-novos-e-usados-837446120
2 3ds para retirar peças,R$ 350,https://sp.olx.com.br/baixada-santista-e-litoral-sul/videogames/2-3ds-para-retirar-pecas-834727863
Fita Nintendo Atari,R$ 60,https://sp.olx.com.br/baixada-santista-e-litoral-sul/videogames/fita-nintendo-atari-836887913
Nintendo 3DS,R$ 350,https://sp.olx.com.br/baixada-santista-e-litoral-sul/videogames/nintendo-3ds-830232535
Nintendo DS Rosa - Desapego - Aberto a negociar,R$ 275,https://sp.olx.com.br/baixada-santista-e-litoral-sul/videogames/nintendo-ds-rosa-desapego-aberto-a-negociar-821907746
Jogos para Nintendo DS,R$ 150,https://sp.olx.com.br/baixada-santista-e-litoral-sul/videogames/jogos-para-nintendo-ds-827603351
Jogo para nintendo DS,R$ 28,https://sp.olx.com.br/baixada-santista-e-litoral-sul/videogames/jogo-para-nintendo-ds-827595449
Jogo para nintendo DS,R$ 28,https://sp.olx.com.br/baixada-santista-e-litoral-sul/videogames/jogo-para-nintendo-ds-827594962
Jogo para nintendo DS,R$ 28,https://sp.olx.com.br/baixada-santista-e-litoral-sul/videogames/jogo-para-nintendo-ds-827594638
Jogo para Nintendo DS,R$ 28,https://sp.olx.com.br/baixada-santista-e-litoral-sul/videogames/jogo-para-nintendo-ds-827596684
Jogo para nintendo DS,R$ 28,https://sp.olx.com.br/baixada-santista-e-litoral-sul/videogames/jogo-para-nintendo-ds-827589548
Jogo para nintendo DS,R$ 28,https://sp.olx.com.br/baixada-santista-e-litoral-sul/videogames/jogo-para-nintendo-ds-827588997
Jogo para nintendo DS,R$ 28,https://sp.olx.com.br/baixada-santista-e-litoral-sul/videogames/jogo-para-nintendo-ds-827587914
Jogo para nintendo DS,R$ 28,https://sp.olx.com.br/baixada-santista-e-litoral-sul/videogames/jogo-para-nintendo-ds-827595949
Jogo para nintendo DS,R$ 28,https://sp.olx.com.br/baixada-santista-e-litoral-sul/videogames/jogo-para-nintendo-ds-827588518
MarioKart7,R$ 70,https://sp.olx.com.br/baixada-santista-e-litoral-sul/videogames/mariokart7-832631508
Super Mario 3DLand,R$ 70,https://sp.olx.com.br/baixada-santista-e-litoral-sul/videogames/super-mario-3dland-832531509
Pokémon Nintendo 3ds,R$ 100,https://sp.olx.com.br/baixada-santista-e-litoral-sul/videogames/pokemon-nintendo-3ds-828763786
Jogo Nintendo 3ds pokémon omega,R$ 120,https://sp.olx.com.br/baixada-santista-e-litoral-sul/videogames/jogo-nintendo-3ds-pokemon-omega-828764547
Nintendo 3 dsxl,R$ 1.000,https://sp.olx.com.br/baixada-santista-e-litoral-sul/videogames/nintendo-3-dsxl-827617569
Capa (cover) nintendo switch LITE,R$ 50,https://sp.olx.com.br/baixada-santista-e-litoral-sul/videogames/capa-cover-nintendo-switch-lite-828232498
Nintendo 3ds. LEIA.,R$ 40,https://sp.olx.com.br/baixada-santista-e-litoral-sul/videogames/nintendo-3ds-leia-817092317
Carregador de NDS Lite Original (Semi-Novo),R$ 50,https://sp.olx.com.br/baixada-santista-e-litoral-sul/videogames/carregador-de-nds-lite-original-semi-novo-820812030
Jogos de Nintendo 3DS - Originais,R$ 60,https://sp.olx.com.br/baixada-santista-e-litoral-sul/videogames/jogos-de-nintendo-3ds-originais-825137571
Pokemon X (Seminovo),R$ 80,https://sp.olx.com.br/baixada-santista-e-litoral-sul/videogames/pokemon-x-seminovo-817761051
Assistência Técnica Especializada em Games,,https://sp.olx.com.br/baixada-santista-e-litoral-sul/servicos/assistencia-tecnica-especializada-em-games-837244600
Jogos de Nintendo DS e PSP. ( ler descrição),R$ 100,https://sp.olx.com.br/baixada-santista-e-litoral-sul/videogames/jogos-de-nintendo-ds-e-psp-ler-descricao-833090173
Nintendo Switch,R$ 2.400,https://sp.olx.com.br/baixada-santista-e-litoral-sul/videogames/nintendo-switch-832232663
3DS, DS e Switch - Jogos Novos e Usados,,https://sp.olx.com.br/baixada-santista-e-litoral-sul/videogames/3ds-ds-e-switch-jogos-novos-e-usados-837446120
2 3ds para retirar peças,R$ 350,https://sp.olx.com.br/baixada-santista-e-litoral-sul/videogames/2-3ds-para-retirar-pecas-834727863
Fita Nintendo Atari,R$ 60,https://sp.olx.com.br/baixada-santista-e-litoral-sul/videogames/fita-nintendo-atari-836887913
Nintendo 3DS,R$ 350,https://sp.olx.com.br/baixada-santista-e-litoral-sul/videogames/nintendo-3ds-830232535
Nintendo DS Rosa - Desapego - Aberto a negociar,R$ 275,https://sp.olx.com.br/baixada-santista-e-litoral-sul/videogames/nintendo-ds-rosa-desapego-aberto-a-negociar-821907746
Jogos para Nintendo DS,R$ 150,https://sp.olx.com.br/baixada-santista-e-litoral-sul/videogames/jogos-para-nintendo-ds-827603351
Jogo para nintendo DS,R$ 28,https://sp.olx.com.br/baixada-santista-e-litoral-sul/videogames/jogo-para-nintendo-ds-827595449
Jogo para nintendo DS,R$ 28,https://sp.olx.com.br/baixada-santista-e-litoral-sul/videogames/jogo-para-nintendo-ds-827594962
Jogo para nintendo DS,R$ 28,https://sp.olx.com.br/baixada-santista-e-litoral-sul/videogames/jogo-para-nintendo-ds-827594638
Jogo para Nintendo DS,R$ 28,https://sp.olx.com.br/baixada-santista-e-litoral-sul/videogames/jogo-para-nintendo-ds-827596684
Jogo para nintendo DS,R$ 28,https://sp.olx.com.br/baixada-santista-e-litoral-sul/videogames/jogo-para-nintendo-ds-827589548
Jogo para nintendo DS,R$ 28,https://sp.olx.com.br/baixada-santista-e-litoral-sul/videogames/jogo-para-nintendo-ds-827588997
Jogo para nintendo DS,R$ 28,https://sp.olx.com.br/baixada-santista-e-litoral-sul/videogames/jogo-para-nintendo-ds-827587914
Jogo para nintendo DS,R$ 28,https://sp.olx.com.br/baixada-santista-e-litoral-sul/videogames/jogo-para-nintendo-ds-827595949
Jogo para nintendo DS,R$ 28,https://sp.olx.com.br/baixada-santista-e-litoral-sul/videogames/jogo-para-nintendo-ds-827588518
MarioKart7,R$ 70,https://sp.olx.com.br/baixada-santista-e-litoral-sul/videogames/mariokart7-832631508
Super Mario 3DLand,R$ 70,https://sp.olx.com.br/baixada-santista-e-litoral-sul/videogames/super-mario-3dland-832531509
Pokémon Nintendo 3ds,R$ 100,https://sp.olx.com.br/baixada-santista-e-litoral-sul/videogames/pokemon-nintendo-3ds-828763786
Jogo Nintendo 3ds pokémon omega,R$ 120,https://sp.olx.com.br/baixada-santista-e-litoral-sul/videogames/jogo-nintendo-3ds-pokemon-omega-828764547
Nintendo 3 dsxl,R$ 1.000,https://sp.olx.com.br/baixada-santista-e-litoral-sul/videogames/nintendo-3-dsxl-827617569
Capa (cover) nintendo switch LITE,R$ 50,https://sp.olx.com.br/baixada-santista-e-litoral-sul/videogames/capa-cover-nintendo-switch-lite-828232498
Nintendo 3ds. LEIA.,R$ 40,https://sp.olx.com.br/baixada-santista-e-litoral-sul/videogames/nintendo-3ds-leia-817092317
Carregador de NDS Lite Original (Semi-Novo),R$ 50,https://sp.olx.com.br/baixada-santista-e-litoral-sul/videogames/carregador-de-nds-lite-original-semi-novo-820812030
Jogos de Nintendo 3DS - Originais,R$ 60,https://sp.olx.com.br/baixada-santista-e-litoral-sul/videogames/jogos-de-nintendo-3ds-originais-825137571
Pokemon X (Seminovo),R$ 80,https://sp.olx.com.br/baixada-santista-e-litoral-sul/videogames/pokemon-x-seminovo-817761051
Assistência Técnica Especializada em Games,,https://sp.olx.com.br/baixada-santista-e-litoral-sul/servicos/assistencia-tecnica-especializada-em-games-837244600
Jogos de Nintendo DS e PSP. ( ler descrição),R$ 100,https://sp.olx.com.br/baixada-santista-e-litoral-sul/videogames/jogos-de-nintendo-ds-e-psp-ler-descricao-833090173
Nintendo Switch,R$ 2.400,https://sp.olx.com.br/baixada-santista-e-litoral-sul/videogames/nintendo-switch-832232663
3DS, DS e Switch - Jogos Novos e Usados,,https://sp.olx.com.br/baixada-santista-e-litoral-sul/videogames/3ds-ds-e-switch-jogos-novos-e-usados-837446120
2 3ds para retirar peças,R$ 350,https://sp.olx.com.br/baixada-santista-e-litoral-sul/videogames/2-3ds-para-retirar-pecas-834727863
Fita Nintendo Atari,R$ 60,https://sp.olx.com.br/baixada-santista-e-litoral-sul/videogames/fita-nintendo-atari-836887913
Nintendo 3DS,R$ 350,https://sp.olx.com.br/baixada-santista-e-litoral-sul/videogames/nintendo-3ds-830232535
Nintendo DS Rosa - Desapego - Aberto a negociar,R$ 275,https://sp.olx.com.br/baixada-santista-e-litoral-sul/videogames/nintendo-ds-rosa-desapego-aberto-a-negociar-821907746
Jogos para Nintendo DS,R$ 150,https://sp.olx.com.br/baixada-santista-e-litoral-sul/videogames/jogos-para-nintendo-ds-827603351
Jogo para nintendo DS,R$ 28,https://sp.olx.com.br/baixada-santista-e-litoral-sul/videogames/jogo-para-nintendo-ds-827595449
Jogo para nintendo DS,R$ 28,https://sp.olx.com.br/baixada-santista-e-litoral-sul/videogames/jogo-para-nintendo-ds-827594962
Jogo para nintendo DS,R$ 28,https://sp.olx.com.br/baixada-santista-e-litoral-sul/videogames/jogo-para-nintendo-ds-827594638
Jogo para Nintendo DS,R$ 28,https://sp.olx.com.br/baixada-santista-e-litoral-sul/videogames/jogo-para-nintendo-ds-827596684
Jogo para nintendo DS,R$ 28,https://sp.olx.com.br/baixada-santista-e-litoral-sul/videogames/jogo-para-nintendo-ds-827589548
Jogo para nintendo DS,R$ 28,https://sp.olx.com.br/baixada-santista-e-litoral-sul/videogames/jogo-para-nintendo-ds-827588997
Jogo para nintendo DS,R$ 28,https://sp.olx.com.br/baixada-santista-e-litoral-sul/videogames/jogo-para-nintendo-ds-827587914
Jogo para nintendo DS,R$ 28,https://sp.olx.com.br/baixada-santista-e-litoral-sul/videogames/jogo-para-nintendo-ds-827595949
Jogo para nintendo DS,R$ 28,https://sp.olx.com.br/baixada-santista-e-litoral-sul/videogames/jogo-para-nintendo-ds-827588518
MarioKart7,R$ 70,https://sp.olx.com.br/baixada-santista-e-litoral-sul/videogames/mariokart7-832631508
Super Mario 3DLand,R$ 70,https://sp.olx.com.br/baixada-santista-e-litoral-sul/videogames/super-mario-3dland-832531509
Pokémon Nintendo 3ds,R$ 100,https://sp.olx.com.br/baixada-santista-e-litoral-sul/videogames/pokemon-nintendo-3ds-828763786
Jogo Nintendo 3ds pokémon omega,R$ 120,https://sp.olx.com.br/baixada-santista-e-litoral-sul/videogames/jogo-nintendo-3ds-pokemon-omega-828764547
Nintendo 3 dsxl,R$ 1.000,https://sp.olx.com.br/baixada-santista-e-litoral-sul/videogames/nintendo-3-dsxl-827617569
Capa (cover) nintendo switch LITE,R$ 50,https://sp.olx.com.br/baixada-santista-e-litoral-sul/videogames/capa-cover-nintendo-switch-lite-828232498
Nintendo 3ds. LEIA.,R$ 40,https://sp.olx.com.br/baixada-santista-e-litoral-sul/videogames/nintendo-3ds-leia-817092317
Carregador de NDS Lite Original (Semi-Novo),R$ 50,https://sp.olx.com.br/baixada-santista-e-litoral-sul/videogames/carregador-de-nds-lite-original-semi-novo-820812030
Jogos de Nintendo 3DS - Originais,R$ 60,https://sp.olx.com.br/baixada-santista-e-litoral-sul/videogames/jogos-de-nintendo-3ds-originais-825137571
Pokemon X (Seminovo),R$ 80,https://sp.olx.com.br/baixada-santista-e-litoral-sul/videogames/pokemon-x-seminovo-817761051
Assistência Técnica Especializada em Games,,https://sp.olx.com.br/baixada-santista-e-litoral-sul/servicos/assistencia-tecnica-especializada-em-games-837244600
Jogos de Nintendo DS e PSP. ( ler descrição),R$ 100,https://sp.olx.com.br/baixada-santista-e-litoral-sul/videogames/jogos-de-nintendo-ds-e-psp-ler-descricao-833090173
Nintendo Switch,R$ 2.400,https://sp.olx.com.br/baixada-santista-e-litoral-sul/videogames/nintendo-switch-832232663
3DS, DS e Switch - Jogos Novos e Usados,,https://sp.olx.com.br/baixada-santista-e-litoral-sul/videogames/3ds-ds-e-switch-jogos-novos-e-usados-837446120
2 3ds para retirar peças,R$ 350,https://sp.olx.com.br/baixada-santista-e-litoral-sul/videogames/2-3ds-para-retirar-pecas-834727863
Fita Nintendo Atari,R$ 60,https://sp.olx.com.br/baixada-santista-e-litoral-sul/videogames/fita-nintendo-atari-836887913
Nintendo 3DS,R$ 350,https://sp.olx.com.br/baixada-santista-e-litoral-sul/videogames/nintendo-3ds-830232535
Nintendo DS Rosa - Desapego - Aberto a negociar,R$ 275,https://sp.olx.com.br/baixada-santista-e-litoral-sul/videogames/nintendo-ds-rosa-desapego-aberto-a-negociar-821907746
Jogos para Nintendo DS,R$ 150,https://sp.olx.com.br/baixada-santista-e-litoral-sul/videogames/jogos-para-nintendo-ds-827603351
Jogo para nintendo DS,R$ 28,https://sp.olx.com.br/baixada-santista-e-litoral-sul/videogames/jogo-para-nintendo-ds-827595449
Jogo para nintendo DS,R$ 28,https://sp.olx.com.br/baixada-santista-e-litoral-sul/videogames/jogo-para-nintendo-ds-827594962
Jogo para nintendo DS,R$ 28,https://sp.olx.com.br/baixada-santista-e-litoral-sul/videogames/jogo-para-nintendo-ds-827594638
Jogo para Nintendo DS,R$ 28,https://sp.olx.com.br/baixada-santista-e-litoral-sul/videogames/jogo-para-nintendo-ds-827596684
Jogo para nintendo DS,R$ 28,https://sp.olx.com.br/baixada-santista-e-litoral-sul/videogames/jogo-para-nintendo-ds-827589548
Jogo para nintendo DS,R$ 28,https://sp.olx.com.br/baixada-santista-e-litoral-sul/videogames/jogo-para-nintendo-ds-827588997
Jogo para nintendo DS,R$ 28,https://sp.olx.com.br/baixada-santista-e-litoral-sul/videogames/jogo-para-nintendo-ds-827587914
Jogo para nintendo DS,R$ 28,https://sp.olx.com.br/baixada-santista-e-litoral-sul/videogames/jogo-para-nintendo-ds-827595949
Jogo para nintendo DS,R$ 28,https://sp.olx.com.br/baixada-santista-e-litoral-sul/videogames/jogo-para-nintendo-ds-827588518
MarioKart7,R$ 70,https://sp.olx.com.br/baixada-santista-e-litoral-sul/videogames/mariokart7-832631508
Super Mario 3DLand,R$ 70,https://sp.olx.com.br/baixada-santista-e-litoral-sul/videogames/super-mario-3dland-832531509
Pokémon Nintendo 3ds,R$ 100,https://sp.olx.com.br/baixada-santista-e-litoral-sul/videogames/pokemon-nintendo-3ds-828763786
Jogo Nintendo 3ds pokémon omega,R$ 120,https://sp.olx.com.br/baixada-santista-e-litoral-sul/videogames/jogo-nintendo-3ds-pokemon-omega-828764547
Nintendo 3 dsxl,R$ 1.000,https://sp.olx.com.br/baixada-santista-e-litoral-sul/videogames/nintendo-3-dsxl-827617569
Capa (cover) nintendo switch LITE,R$ 50,https://sp.olx.com.br/baixada-santista-e-litoral-sul/videogames/capa-cover-nintendo-switch-lite-828232498
Nintendo 3ds. LEIA.,R$ 40,https://sp.olx.com.br/baixada-santista-e-litoral-sul/videogames/nintendo-3ds-leia-817092317
Carregador de NDS Lite Original (Semi-Novo),R$ 50,https://sp.olx.com.br/baixada-santista-e-litoral-sul/videogames/carregador-de-nds-lite-original-semi-novo-820812030
Jogos de Nintendo 3DS - Originais,R$ 60,https://sp.olx.com.br/baixada-santista-e-litoral-sul/videogames/jogos-de-nintendo-3ds-originais-825137571
Pokemon X (Seminovo),R$ 80,https://sp.olx.com.br/baixada-santista-e-litoral-sul/videogames/pokemon-x-seminovo-817761051
Assistência Técnica Especializada em Games,,https://sp.olx.com.br/baixada-santista-e-litoral-sul/servicos/assistencia-tecnica-especializada-em-games-837244600
Jogos de Nintendo DS e PSP. ( ler descrição),R$ 100,https://sp.olx.com.br/baixada-santista-e-litoral-sul/videogames/jogos-de-nintendo-ds-e-psp-ler-descricao-833090173
Nintendo Switch,R$ 2.400,https://sp.olx.com.br/baixada-santista-e-litoral-sul/videogames/nintendo-switch-832232663
3DS, DS e Switch - Jogos Novos e Usados,,https://sp.olx.com.br/baixada-santista-e-litoral-sul/videogames/3ds-ds-e-switch-jogos-novos-e-usados-837446120
2 3ds para retirar peças,R$ 350,https://sp.olx.com.br/baixada-santista-e-litoral-sul/videogames/2-3ds-para-retirar-pecas-834727863
Fita Nintendo Atari,R$ 60,https://sp.olx.com.br/baixada-santista-e-litoral-sul/videogames/fita-nintendo-atari-836887913
Nintendo 3DS,R$ 350,https://sp.olx.com.br/baixada-santista-e-litoral-sul/videogames/nintendo-3ds-830232535
Nintendo DS Rosa - Desapego - Aberto a negociar,R$ 275,https://sp.olx.com.br/baixada-santista-e-litoral-sul/videogames/nintendo-ds-rosa-desapego-aberto-a-negociar-821907746
Jogos para Nintendo DS,R$ 150,https://sp.olx.com.br/baixada-santista-e-litoral-sul/videogames/jogos-para-nintendo-ds-827603351
Jogo para nintendo DS,R$ 28,https://sp.olx.com.br/baixada-santista-e-litoral-sul/videogames/jogo-para-nintendo-ds-827595449
Jogo para nintendo DS,R$ 28,https://sp.olx.com.br/baixada-santista-e-litoral-sul/videogames/jogo-para-nintendo-ds-827594962
Jogo para nintendo DS,R$ 28,https://sp.olx.com.br/baixada-santista-e-litoral-sul/videogames/jogo-para-nintendo-ds-827594638
Jogo para Nintendo DS,R$ 28,https://sp.olx.com.br/baixada-santista-e-litoral-sul/videogames/jogo-para-nintendo-ds-827596684
Jogo para nintendo DS,R$ 28,https://sp.olx.com.br/baixada-santista-e-litoral-sul/videogames/jogo-para-nintendo-ds-827589548
Jogo para nintendo DS,R$ 28,https://sp.olx.com.br/baixada-santista-e-litoral-sul/videogames/jogo-para-nintendo-ds-827588997
Jogo para nintendo DS,R$ 28,https://sp.olx.com.br/baixada-santista-e-litoral-sul/videogames/jogo-para-nintendo-ds-827587914
Jogo para nintendo DS,R$ 28,https://sp.olx.com.br/baixada-santista-e-litoral-sul/videogames/jogo-para-nintendo-ds-827595949
Jogo para nintendo DS,R$ 28,https://sp.olx.com.br/baixada-santista-e-litoral-sul/videogames/jogo-para-nintendo-ds-827588518
MarioKart7,R$ 70,https://sp.olx.com.br/baixada-santista-e-litoral-sul/videogames/mariokart7-832631508
Super Mario 3DLand,R$ 70,https://sp.olx.com.br/baixada-santista-e-litoral-sul/videogames/super-mario-3dland-832531509
Pokémon Nintendo 3ds,R$ 100,https://sp.olx.com.br/baixada-santista-e-litoral-sul/videogames/pokemon-nintendo-3ds-828763786
Jogo Nintendo 3ds pokémon omega,R$ 120,https://sp.olx.com.br/baixada-santista-e-litoral-sul/videogames/jogo-nintendo-3ds-pokemon-omega-828764547
Nintendo 3 dsxl,R$ 1.000,https://sp.olx.com.br/baixada-santista-e-litoral-sul/videogames/nintendo-3-dsxl-827617569
Capa (cover) nintendo switch LITE,R$ 50,https://sp.olx.com.br/baixada-santista-e-litoral-sul/videogames/capa-cover-nintendo-switch-lite-828232498
Nintendo 3ds. LEIA.,R$ 40,https://sp.olx.com.br/baixada-santista-e-litoral-sul/videogames/nintendo-3ds-leia-817092317
Carregador de NDS Lite Original (Semi-Novo),R$ 50,https://sp.olx.com.br/baixada-santista-e-litoral-sul/videogames/carregador-de-nds-lite-original-semi-novo-820812030
Jogos de Nintendo 3DS - Originais,R$ 60,https://sp.olx.com.br/baixada-santista-e-litoral-sul/videogames/jogos-de-nintendo-3ds-originais-825137571
Pokemon X (Seminovo),R$ 80,https://sp.olx.com.br/baixada-santista-e-litoral-sul/videogames/pokemon-x-seminovo-817761051
Assistência Técnica Especializada em Games,,https://sp.olx.com.br/baixada-santista-e-litoral-sul/servicos/assistencia-tecnica-especializada-em-games-837244600
Jogos de Nintendo DS e PSP. ( ler descrição),R$ 100,https://sp.olx.com.br/baixada-santista-e-litoral-sul/videogames/jogos-de-nintendo-ds-e-psp-ler-descricao-833090173
Nintendo Switch,R$ 2.400,https://sp.olx.com.br/baixada-santista-e-litoral-sul/videogames/nintendo-switch-832232663
3DS, DS e Switch - Jogos Novos e Usados,,https://sp.olx.com.br/baixada-santista-e-litoral-sul/videogames/3ds-ds-e-switch-jogos-novos-e-usados-837446120
2 3ds para retirar peças,R$ 350,https://sp.olx.com.br/baixada-santista-e-litoral-sul/videogames/2-3ds-para-retirar-pecas-834727863
Fita Nintendo Atari,R$ 60,https://sp.olx.com.br/baixada-santista-e-litoral-sul/videogames/fita-nintendo-atari-836887913
Nintendo 3DS,R$ 350,https://sp.olx.com.br/baixada-santista-e-litoral-sul/videogames/nintendo-3ds-830232535
Nintendo DS Rosa - Desapego - Aberto a negociar,R$ 275,https://sp.olx.com.br/baixada-santista-e-litoral-sul/videogames/nintendo-ds-rosa-desapego-aberto-a-negociar-821907746
Jogos para Nintendo DS,R$ 150,https://sp.olx.com.br/baixada-santista-e-litoral-sul/videogames/jogos-para-nintendo-ds-827603351
Jogo para nintendo DS,R$ 28,https://sp.olx.com.br/baixada-santista-e-litoral-sul/videogames/jogo-para-nintendo-ds-827595449
Jogo para nintendo DS,R$ 28,https://sp.olx.com.br/baixada-santista-e-litoral-sul/videogames/jogo-para-nintendo-ds-827594962
Jogo para nintendo DS,R$ 28,https://sp.olx.com.br/baixada-santista-e-litoral-sul/videogames/jogo-para-nintendo-ds-827594638
Jogo para Nintendo DS,R$ 28,https://sp.olx.com.br/baixada-santista-e-litoral-sul/videogames/jogo-para-nintendo-ds-827596684
Jogo para nintendo DS,R$ 28,https://sp.olx.com.br/baixada-santista-e-litoral-sul/videogames/jogo-para-nintendo-ds-827589548
Jogo para nintendo DS,R$ 28,https://sp.olx.com.br/baixada-santista-e-litoral-sul/videogames/jogo-para-nintendo-ds-827588997
Jogo para nintendo DS,R$ 28,https://sp.olx.com.br/baixada-santista-e-litoral-sul/videogames/jogo-para-nintendo-ds-827587914
Jogo para nintendo DS,R$ 28,https://sp.olx.com.br/baixada-santista-e-litoral-sul/videogames/jogo-para-nintendo-ds-827595949
Jogo para nintendo DS,R$ 28,https://sp.olx.com.br/baixada-santista-e-litoral-sul/videogames/jogo-para-nintendo-ds-827588518
MarioKart7,R$ 70,https://sp.olx.com.br/baixada-santista-e-litoral-sul/videogames/mariokart7-832631508
Super Mario 3DLand,R$ 70,https://sp.olx.com.br/baixada-santista-e-litoral-sul/videogames/super-mario-3dland-832531509
Pokémon Nintendo 3ds,R$ 100,https://sp.olx.com.br/baixada-santista-e-litoral-sul/videogames/pokemon-nintendo-3ds-828763786
Jogo Nintendo 3ds pokémon omega,R$ 120,https://sp.olx.com.br/baixada-santista-e-litoral-sul/videogames/jogo-nintendo-3ds-pokemon-omega-828764547
Nintendo 3 dsxl,R$ 1.000,https://sp.olx.com.br/baixada-santista-e-litoral-sul/videogames/nintendo-3-dsxl-827617569
Capa (cover) nintendo switch LITE,R$ 50,https://sp.olx.com.br/baixada-santista-e-litoral-sul/videogames/capa-cover-nintendo-switch-lite-828232498
Nintendo 3ds. LEIA.,R$ 40,https://sp.olx.com.br/baixada-santista-e-litoral-sul/videogames/nintendo-3ds-leia-817092317
Carregador de NDS Lite Original (Semi-Novo),R$ 50,https://sp.olx.com.br/baixada-santista-e-litoral-sul/videogames/carregador-de-nds-lite-original-semi-novo-820812030
Jogos de Nintendo 3DS - Originais,R$ 60,https://sp.olx.com.br/baixada-santista-e-litoral-sul/videogames/jogos-de-nintendo-3ds-originais-825137571
Pokemon X (Seminovo),R$ 80,https://sp.olx.com.br/baixada-santista-e-litoral-sul/videogames/pokemon-x-seminovo-817761051
Assistência Técnica Especializada em Games,,https://sp.olx.com.br/baixada-santista-e-litoral-sul/servicos/assistencia-tecnica-especializada-em-games-837244600
Jogos de Nintendo DS e PSP. ( ler descrição),R$ 100,https://sp.olx.com.br/baixada-santista-e-litoral-sul/videogames/jogos-de-nintendo-ds-e-psp-ler-descricao-833090173
Nintendo Switch,R$ 2.400,https://sp.olx.com.br/baixada-santista-e-litoral-sul/videogames/nintendo-switch-832232663
3DS, DS e Switch - Jogos Novos e Usados,,https://sp.olx.com.br/baixada-santista-e-litoral-sul/videogames/3ds-ds-e-switch-jogos-novos-e-usados-837446120
2 3ds para retirar peças,R$ 350,https://sp.olx.com.br/baixada-santista-e-litoral-sul/videogames/2-3ds-para-retirar-pecas-834727863
Fita Nintendo Atari,R$ 60,https://sp.olx.com.br/baixada-santista-e-litoral-sul/videogames/fita-nintendo-atari-836887913
Nintendo 3DS,R$ 350,https://sp.olx.com.br/baixada-santista-e-litoral-sul/videogames/nintendo-3ds-830232535
Nintendo DS Rosa - Desapego - Aberto a negociar,R$ 275,https://sp.olx.com.br/baixada-santista-e-litoral-sul/videogames/nintendo-ds-rosa-desapego-aberto-a-negociar-821907746
Jogos para Nintendo DS,R$ 150,https://sp.olx.com.br/baixada-santista-e-litoral-sul/videogames/jogos-para-nintendo-ds-827603351
Jogo para nintendo DS,R$ 28,https://sp.olx.com.br/baixada-santista-e-litoral-sul/videogames/jogo-para-nintendo-ds-827595449
Jogo para nintendo DS,R$ 28,https://sp.olx.com.br/baixada-santista-e-litoral-sul/videogames/jogo-para-nintendo-ds-827594962
Jogo para nintendo DS,R$ 28,https://sp.olx.com.br/baixada-santista-e-litoral-sul/videogames/jogo-para-nintendo-ds-827594638
Jogo para Nintendo DS,R$ 28,https://sp.olx.com.br/baixada-santista-e-litoral-sul/videogames/jogo-para-nintendo-ds-827596684
Jogo para nintendo DS,R$ 28,https://sp.olx.com.br/baixada-santista-e-litoral-sul/videogames/jogo-para-nintendo-ds-827589548
Jogo para nintendo DS,R$ 28,https://sp.olx.com.br/baixada-santista-e-litoral-sul/videogames/jogo-para-nintendo-ds-827588997
Jogo para nintendo DS,R$ 28,https://sp.olx.com.br/baixada-santista-e-litoral-sul/videogames/jogo-para-nintendo-ds-827587914
Jogo para nintendo DS,R$ 28,https://sp.olx.com.br/baixada-santista-e-litoral-sul/videogames/jogo-para-nintendo-ds-827595949
Jogo para nintendo DS,R$ 28,https://sp.olx.com.br/baixada-santista-e-litoral-sul/videogames/jogo-para-nintendo-ds-827588518
MarioKart7,R$ 70,https://sp.olx.com.br/baixada-santista-e-litoral-sul/videogames/mariokart7-832631508
Super Mario 3DLand,R$ 70,https://sp.olx.com.br/baixada-santista-e-litoral-sul/videogames/super-mario-3dland-832531509
Pokémon Nintendo 3ds,R$ 100,https://sp.olx.com.br/baixada-santista-e-litoral-sul/videogames/pokemon-nintendo-3ds-828763786
Jogo Nintendo 3ds pokémon omega,R$ 120,https://sp.olx.com.br/baixada-santista-e-litoral-sul/videogames/jogo-nintendo-3ds-pokemon-omega-828764547
Nintendo 3 dsxl,R$ 1.000,https://sp.olx.com.br/baixada-santista-e-litoral-sul/videogames/nintendo-3-dsxl-827617569
Capa (cover) nintendo switch LITE,R$ 50,https://sp.olx.com.br/baixada-santista-e-litoral-sul/videogames/capa-cover-nintendo-switch-lite-828232498
Nintendo 3ds. LEIA.,R$ 40,https://sp.olx.com.br/baixada-santista-e-litoral-sul/videogames/nintendo-3ds-leia-817092317
Carregador de NDS Lite Original (Semi-Novo),R$ 50,https://sp.olx.com.br/baixada-santista-e-litoral-sul/videogames/carregador-de-nds-lite-original-semi-novo-820812030
Jogos de Nintendo 3DS - Originais,R$ 60,https://sp.olx.com.br/baixada-santista-e-litoral-sul/videogames/jogos-de-nintendo-3ds-originais-825137571
Pokemon X (Seminovo),R$ 80,https://sp.olx.com.br/baixada-santista-e-litoral-sul/videogames/pokemon-x-seminovo-817761051
Assistência Técnica Especializada em Games,,https://sp.olx.com.br/baixada-santista-e-litoral-sul/servicos/assistencia-tecnica-especializada-em-games-837244600
Jogos de Nintendo DS e PSP. ( ler descrição),R$ 100,https://sp.olx.com.br/baixada-santista-e-litoral-sul/videogames/jogos-de-nintendo-ds-e-psp-ler-descricao-833090173
Nintendo Switch,R$ 2.400,https://sp.olx.com.br/baixada-santista-e-litoral-sul/videogames/nintendo-switch-832232663
3DS, DS e Switch - Jogos Novos e Usados,,https://sp.olx.com.br/baixada-santista-e-litoral-sul/videogames/3ds-ds-e-switch-jogos-novos-e-usados-837446120
2 3ds para retirar peças,R$ 350,https://sp.olx.com.br/baixada-santista-e-litoral-sul/videogames/2-3ds-para-retirar-pecas-834727863
Fita Nintendo Atari,R$ 60,https://sp.olx.com.br/baixada-santista-e-litoral-sul/videogames/fita-nintendo-atari-836887913
Nintendo 3DS,R$ 350,https://sp.olx.com.br/baixada-santista-e-litoral-sul/videogames/nintendo-3ds-830232535
Nintendo DS Rosa - Desapego - Aberto a negociar,R$ 275,https://sp.olx.com.br/baixada-santista-e-litoral-sul/videogames/nintendo-ds-rosa-desapego-aberto-a-negociar-821907746
Jogos para Nintendo DS,R$ 150,https://sp.olx.com.br/baixada-santista-e-litoral-sul/videogames/jogos-para-nintendo-ds-827603351
Jogo para nintendo DS,R$ 28,https://sp.olx.com.br/baixada-santista-e-litoral-sul/videogames/jogo-para-nintendo-ds-827595449
Jogo para nintendo DS,R$ 28,https://sp.olx.com.br/baixada-santista-e-litoral-sul/videogames/jogo-para-nintendo-ds-827594962
Jogo para nintendo DS,R$ 28,https://sp.olx.com.br/baixada-santista-e-litoral-sul/videogames/jogo-para-nintendo-ds-827594638
Jogo para Nintendo DS,R$ 28,https://sp.olx.com.br/baixada-santista-e-litoral-sul/videogames/jogo-para-nintendo-ds-827596684
Jogo para nintendo DS,R$ 28,https://sp.olx.com.br/baixada-santista-e-litoral-sul/videogames/jogo-para-nintendo-ds-827589548
Jogo para nintendo DS,R$ 28,https://sp.olx.com.br/baixada-santista-e-litoral-sul/videogames/jogo-para-nintendo-ds-827588997
Jogo para nintendo DS,R$ 28,https://sp.olx.com.br/baixada-santista-e-litoral-sul/videogames/jogo-para-nintendo-ds-827587914
Jogo para nintendo DS,R$ 28,https://sp.olx.com.br/baixada-santista-e-litoral-sul/videogames/jogo-para-nintendo-ds-827595949
Jogo para nintendo DS,R$ 28,https://sp.olx.com.br/baixada-santista-e-litoral-sul/videogames/jogo-para-nintendo-ds-827588518
MarioKart7,R$ 70,https://sp.olx.com.br/baixada-santista-e-litoral-sul/videogames/mariokart7-832631508
Super Mario 3DLand,R$ 70,https://sp.olx.com.br/baixada-santista-e-litoral-sul/videogames/super-mario-3dland-832531509
Pokémon Nintendo 3ds,R$ 100,https://sp.olx.com.br/baixada-santista-e-litoral-sul/videogames/pokemon-nintendo-3ds-828763786
Jogo Nintendo 3ds pokémon omega,R$ 120,https://sp.olx.com.br/baixada-santista-e-litoral-sul/videogames/jogo-nintendo-3ds-pokemon-omega-828764547
Nintendo 3 dsxl,R$ 1.000,https://sp.olx.com.br/baixada-santista-e-litoral-sul/videogames/nintendo-3-dsxl-827617569
Capa (cover) nintendo switch LITE,R$ 50,https://sp.olx.com.br/baixada-santista-e-litoral-sul/videogames/capa-cover-nintendo-switch-lite-828232498
Nintendo 3ds. LEIA.,R$ 40,https://sp.olx.com.br/baixada-santista-e-litoral-sul/videogames/nintendo-3ds-leia-817092317
Carregador de NDS Lite Original (Semi-Novo),R$ 50,https://sp.olx.com.br/baixada-santista-e-litoral-sul/videogames/carregador-de-nds-lite-original-semi-novo-820812030
Jogos de Nintendo 3DS - Originais,R$ 60,https://sp.olx.com.br/baixada-santista-e-litoral-sul/videogames/jogos-de-nintendo-3ds-originais-825137571
Pokemon X (Seminovo),R$ 80,https://sp.olx.com.br/baixada-santista-e-litoral-sul/videogames/pokemon-x-seminovo-817761051
Assistência Técnica Especializada em Games,,https://sp.olx.com.br/baixada-santista-e-litoral-sul/servicos/assistencia-tecnica-especializada-em-games-837244600
Jogos de Nintendo DS e PSP. ( ler descrição),R$ 100,https://sp.olx.com.br/baixada-santista-e-litoral-sul/videogames/jogos-de-nintendo-ds-e-psp-ler-descricao-833090173
Nintendo Switch,R$ 2.400,https://sp.olx.com.br/baixada-santista-e-litoral-sul/videogames/nintendo-switch-832232663
3DS, DS e Switch - Jogos Novos e Usados,,https://sp.olx.com.br/baixada-santista-e-litoral-sul/videogames/3ds-ds-e-switch-jogos-novos-e-usados-837446120
2 3ds para retirar peças,R$ 350,https://sp.olx.com.br/baixada-santista-e-litoral-sul/videogames/2-3ds-para-retirar-pecas-834727863
Fita Nintendo Atari,R$ 60,https://sp.olx.com.br/baixada-santista-e-litoral-sul/videogames/fita-nintendo-atari-836887913
Nintendo 3DS,R$ 350,https://sp.olx.com.br/baixada-santista-e-litoral-sul/videogames/nintendo-3ds-830232535
Nintendo DS Rosa - Desapego - Aberto a negociar,R$ 275,https://sp.olx.com.br/baixada-santista-e-litoral-sul/videogames/nintendo-ds-rosa-desapego-aberto-a-negociar-821907746
Jogos para Nintendo DS,R$ 150,https://sp.olx.com.br/baixada-santista-e-litoral-sul/videogames/jogos-para-nintendo-ds-827603351
Jogo para nintendo DS,R$ 28,https://sp.olx.com.br/baixada-santista-e-litoral-sul/videogames/jogo-para-nintendo-ds-827595449
Jogo para nintendo DS,R$ 28,https://sp.olx.com.br/baixada-santista-e-litoral-sul/videogames/jogo-para-nintendo-ds-827594962
Jogo para nintendo DS,R$ 28,https://sp.olx.com.br/baixada-santista-e-litoral-sul/videogames/jogo-para-nintendo-ds-827594638
Jogo para Nintendo DS,R$ 28,https://sp.olx.com.br/baixada-santista-e-litoral-sul/videogames/jogo-para-nintendo-ds-827596684
Jogo para nintendo DS,R$ 28,https://sp.olx.com.br/baixada-santista-e-litoral-sul/videogames/jogo-para-nintendo-ds-827589548
Jogo para nintendo DS,R$ 28,https://sp.olx.com.br/baixada-santista-e-litoral-sul/videogames/jogo-para-nintendo-ds-827588997
Jogo para nintendo DS,R$ 28,https://sp.olx.com.br/baixada-santista-e-litoral-sul/videogames/jogo-para-nintendo-ds-827587914
Jogo para nintendo DS,R$ 28,https://sp.olx.com.br/baixada-santista-e-litoral-sul/videogames/jogo-para-nintendo-ds-827595949
Jogo para nintendo DS,R$ 28,https://sp.olx.com.br/baixada-santista-e-litoral-sul/videogames/jogo-para-nintendo-ds-827588518
MarioKart7,R$ 70,https://sp.olx.com.br/baixada-santista-e-litoral-sul/videogames/mariokart7-832631508
Super Mario 3DLand,R$ 70,https://sp.olx.com.br/baixada-santista-e-litoral-sul/videogames/super-mario-3dland-832531509
Pokémon Nintendo 3ds,R$ 100,https://sp.olx.com.br/baixada-santista-e-litoral-sul/videogames/pokemon-nintendo-3ds-828763786
Jogo Nintendo 3ds pokémon omega,R$ 120,https://sp.olx.com.br/baixada-santista-e-litoral-sul/videogames/jogo-nintendo-3ds-pokemon-omega-828764547
Nintendo 3 dsxl,R$ 1.000,https://sp.olx.com.br/baixada-santista-e-litoral-sul/videogames/nintendo-3-dsxl-827617569
Capa (cover) nintendo switch LITE,R$ 50,https://sp.olx.com.br/baixada-santista-e-litoral-sul/videogames/capa-cover-nintendo-switch-lite-828232498
Nintendo 3ds. LEIA.,R$ 40,https://sp.olx.com.br/baixada-santista-e-litoral-sul/videogames/nintendo-3ds-leia-817092317
Carregador de NDS Lite Original (Semi-Novo),R$ 50,https://sp.olx.com.br/baixada-santista-e-litoral-sul/videogames/carregador-de-nds-lite-original-semi-novo-820812030
Jogos de Nintendo 3DS - Originais,R$ 60,https://sp.olx.com.br/baixada-santista-e-litoral-sul/videogames/jogos-de-nintendo-3ds-originais-825137571
Pokemon X (Seminovo),R$ 80,https://sp.olx.com.br/baixada-santista-e-litoral-sul/videogames/pokemon-x-seminovo-817761051
Assistência Técnica Especializada em Games,,https://sp.olx.com.br/baixada-santista-e-litoral-sul/servicos/assistencia-tecnica-especializada-em-games-837244600
Jogos de Nintendo DS e PSP. ( ler descrição),R$ 100,https://sp.olx.com.br/baixada-santista-e-litoral-sul/videogames/jogos-de-nintendo-ds-e-psp-ler-descricao-833090173
Nintendo Switch,R$ 2.400,https://sp.olx.com.br/baixada-santista-e-litoral-sul/videogames/nintendo-switch-832232663
3DS, DS e Switch - Jogos Novos e Usados,,https://sp.olx.com.br/baixada-santista-e-litoral-sul/videogames/3ds-ds-e-switch-jogos-novos-e-usados-837446120
2 3ds para retirar peças,R$ 350,https://sp.olx.com.br/baixada-santista-e-litoral-sul/videogames/2-3ds-para-retirar-pecas-834727863
Fita Nintendo Atari,R$ 60,https://sp.olx.com.br/baixada-santista-e-litoral-sul/videogames/fita-nintendo-atari-836887913
Nintendo 3DS,R$ 350,https://sp.olx.com.br/baixada-santista-e-litoral-sul/videogames/nintendo-3ds-830232535
Nintendo DS Rosa - Desapego - Aberto a negociar,R$ 275,https://sp.olx.com.br/baixada-santista-e-litoral-sul/videogames/nintendo-ds-rosa-desapego-aberto-a-negociar-821907746
Jogos para Nintendo DS,R$ 150,https://sp.olx.com.br/baixada-santista-e-litoral-sul/videogames/jogos-para-nintendo-ds-827603351
Jogo para nintendo DS,R$ 28,https://sp.olx.com.br/baixada-santista-e-litoral-sul/videogames/jogo-para-nintendo-ds-827595449
Jogo para nintendo DS,R$ 28,https://sp.olx.com.br/baixada-santista-e-litoral-sul/videogames/jogo-para-nintendo-ds-827594962
Jogo para nintendo DS,R$ 28,https://sp.olx.com.br/baixada-santista-e-litoral-sul/videogames/jogo-para-nintendo-ds-827594638
Jogo para Nintendo DS,R$ 28,https://sp.olx.com.br/baixada-santista-e-litoral-sul/videogames/jogo-para-nintendo-ds-827596684
Jogo para nintendo DS,R$ 28,https://sp.olx.com.br/baixada-santista-e-litoral-sul/videogames/jogo-para-nintendo-ds-827589548
Jogo para nintendo DS,R$ 28,https://sp.olx.com.br/baixada-santista-e-litoral-sul/videogames/jogo-para-nintendo-ds-827588997
Jogo para nintendo DS,R$ 28,https://sp.olx.com.br/baixada-santista-e-litoral-sul/videogames/jogo-para-nintendo-ds-827587914
Jogo para nintendo DS,R$ 28,https://sp.olx.com.br/baixada-santista-e-litoral-sul/videogames/jogo-para-nintendo-ds-827595949
Jogo para nintendo DS,R$ 28,https://sp.olx.com.br/baixada-santista-e-litoral-sul/videogames/jogo-para-nintendo-ds-827588518
MarioKart7,R$ 70,https://sp.olx.com.br/baixada-santista-e-litoral-sul/videogames/mariokart7-832631508
Super Mario 3DLand,R$ 70,https://sp.olx.com.br/baixada-santista-e-litoral-sul/videogames/super-mario-3dland-832531509
Pokémon Nintendo 3ds,R$ 100,https://sp.olx.com.br/baixada-santista-e-litoral-sul/videogames/pokemon-nintendo-3ds-828763786
Jogo Nintendo 3ds pokémon omega,R$ 120,https://sp.olx.com.br/baixada-santista-e-litoral-sul/videogames/jogo-nintendo-3ds-pokemon-omega-828764547
Nintendo 3 dsxl,R$ 1.000,https://sp.olx.com.br/baixada-santista-e-litoral-sul/videogames/nintendo-3-dsxl-827617569
Capa (cover) nintendo switch LITE,R$ 50,https://sp.olx.com.br/baixada-santista-e-litoral-sul/videogames/capa-cover-nintendo-switch-lite-828232498
Nintendo 3ds. LEIA.,R$ 40,https://sp.olx.com.br/baixada-santista-e-litoral-sul/videogames/nintendo-3ds-leia-817092317
Carregador de NDS Lite Original (Semi-Novo),R$ 50,https://sp.olx.com.br/baixada-santista-e-litoral-sul/videogames/carregador-de-nds-lite-original-semi-novo-820812030
Jogos de Nintendo 3DS - Originais,R$ 60,https://sp.olx.com.br/baixada-santista-e-litoral-sul/videogames/jogos-de-nintendo-3ds-originais-825137571
Pokemon X (Seminovo),R$ 80,https://sp.olx.com.br/baixada-santista-e-litoral-sul/videogames/pokemon-x-seminovo-817761051
Assistência Técnica Especializada em Games,,https://sp.olx.com.br/baixada-santista-e-litoral-sul/servicos/assistencia-tecnica-especializada-em-games-837244600
Jogos de Nintendo DS e PSP. ( ler descrição),R$ 100,https://sp.olx.com.br/baixada-santista-e-litoral-sul/videogames/jogos-de-nintendo-ds-e-psp-ler-descricao-833090173
Nintendo Switch,R$ 2.400,https://sp.olx.com.br/baixada-santista-e-litoral-sul/videogames/nintendo-switch-832232663
3DS, DS e Switch - Jogos Novos e Usados,,https://sp.olx.com.br/baixada-santista-e-litoral-sul/videogames/3ds-ds-e-switch-jogos-novos-e-usados-837446120
2 3ds para retirar peças,R$ 350,https://sp.olx.com.br/baixada-santista-e-litoral-sul/videogames/2-3ds-para-retirar-pecas-834727863
Fita Nintendo Atari,R$ 60,https://sp.olx.com.br/baixada-santista-e-litoral-sul/videogames/fita-nintendo-atari-836887913
Nintendo 3DS,R$ 350,https://sp.olx.com.br/baixada-santista-e-litoral-sul/videogames/nintendo-3ds-830232535
Nintendo DS Rosa - Desapego - Aberto a negociar,R$ 275,https://sp.olx.com.br/baixada-santista-e-litoral-sul/videogames/nintendo-ds-rosa-desapego-aberto-a-negociar-821907746
Jogos para Nintendo DS,R$ 150,https://sp.olx.com.br/baixada-santista-e-litoral-sul/videogames/jogos-para-nintendo-ds-827603351
Jogo para nintendo DS,R$ 28,https://sp.olx.com.br/baixada-santista-e-litoral-sul/videogames/jogo-para-nintendo-ds-827595449
Jogo para nintendo DS,R$ 28,https://sp.olx.com.br/baixada-santista-e-litoral-sul/videogames/jogo-para-nintendo-ds-827594962
Jogo para nintendo DS,R$ 28,https://sp.olx.com.br/baixada-santista-e-litoral-sul/videogames/jogo-para-nintendo-ds-827594638
Jogo para Nintendo DS,R$ 28,https://sp.olx.com.br/baixada-santista-e-litoral-sul/videogames/jogo-para-nintendo-ds-827596684
Jogo para nintendo DS,R$ 28,https://sp.olx.com.br/baixada-santista-e-litoral-sul/videogames/jogo-para-nintendo-ds-827589548
Jogo para nintendo DS,R$ 28,https://sp.olx.com.br/baixada-santista-e-litoral-sul/videogames/jogo-para-nintendo-ds-827588997
Jogo para nintendo DS,R$ 28,https://sp.olx.com.br/baixada-santista-e-litoral-sul/videogames/jogo-para-nintendo-ds-827587914
Jogo para nintendo DS,R$ 28,https://sp.olx.com.br/baixada-santista-e-litoral-sul/videogames/jogo-para-nintendo-ds-827595949
Jogo para nintendo DS,R$ 28,https://sp.olx.com.br/baixada-santista-e-litoral-sul/videogames/jogo-para-nintendo-ds-827588518
MarioKart7,R$ 70,https://sp.olx.com.br/baixada-santista-e-litoral-sul/videogames/mariokart7-832631508
Super Mario 3DLand,R$ 70,https://sp.olx.com.br/baixada-santista-e-litoral-sul/videogames/super-mario-3dland-832531509
Pokémon Nintendo 3ds,R$ 100,https://sp.olx.com.br/baixada-santista-e-litoral-sul/videogames/pokemon-nintendo-3ds-828763786
Jogo Nintendo 3ds pokémon omega,R$ 120,https://sp.olx.com.br/baixada-santista-e-litoral-sul/videogames/jogo-nintendo-3ds-pokemon-omega-828764547
Nintendo 3 dsxl,R$ 1.000,https://sp.olx.com.br/baixada-santista-e-litoral-sul/videogames/nintendo-3-dsxl-827617569
Capa (cover) nintendo switch LITE,R$ 50,https://sp.olx.com.br/baixada-santista-e-litoral-sul/videogames/capa-cover-nintendo-switch-lite-828232498
Nintendo 3ds. LEIA.,R$ 40,https://sp.olx.com.br/baixada-santista-e-litoral-sul/videogames/nintendo-3ds-leia-817092317
Carregador de NDS Lite Original (Semi-Novo),R$ 50,https://sp.olx.com.br/baixada-santista-e-litoral-sul/videogames/carregador-de-nds-lite-original-semi-novo-820812030
Jogos de Nintendo 3DS - Originais,R$ 60,https://sp.olx.com.br/baixada-santista-e-litoral-sul/videogames/jogos-de-nintendo-3ds-originais-825137571
Pokemon X (Seminovo),R$ 80,https://sp.olx.com.br/baixada-santista-e-litoral-sul/videogames/pokemon-x-seminovo-817761051
Assistência Técnica Especializada em Games,,https://sp.olx.com.br/baixada-santista-e-litoral-sul/servicos/assistencia-tecnica-especializada-em-games-837244600
Jogos de Nintendo DS e PSP. ( ler descrição),R$ 100,https://sp.olx.com.br/baixada-santista-e-litoral-sul/videogames/jogos-de-nintendo-ds-e-psp-ler-descricao-833090173
Nintendo Switch,R$ 2.400,https://sp.olx.com.br/baixada-santista-e-litoral-sul/videogames/nintendo-switch-832232663
3DS, DS e Switch - Jogos Novos e Usados,,https://sp.olx.com.br/baixada-santista-e-litoral-sul/videogames/3ds-ds-e-switch-jogos-novos-e-usados-837446120
2 3ds para retirar peças,R$ 350,https://sp.olx.com.br/baixada-santista-e-litoral-sul/videogames/2-3ds-para-retirar-pecas-834727863
Fita Nintendo Atari,R$ 60,https://sp.olx.com.br/baixada-santista-e-litoral-sul/videogames/fita-nintendo-atari-836887913
Nintendo 3DS,R$ 350,https://sp.olx.com.br/baixada-santista-e-litoral-sul/videogames/nintendo-3ds-830232535
Nintendo DS Rosa - Desapego - Aberto a negociar,R$ 275,https://sp.olx.com.br/baixada-santista-e-litoral-sul/videogames/nintendo-ds-rosa-desapego-aberto-a-negociar-821907746
Jogos para Nintendo DS,R$ 150,https://sp.olx.com.br/baixada-santista-e-litoral-sul/videogames/jogos-para-nintendo-ds-827603351
Jogo para nintendo DS,R$ 28,https://sp.olx.com.br/baixada-santista-e-litoral-sul/videogames/jogo-para-nintendo-ds-827595449
Jogo para nintendo DS,R$ 28,https://sp.olx.com.br/baixada-santista-e-litoral-sul/videogames/jogo-para-nintendo-ds-827594962
Jogo para nintendo DS,R$ 28,https://sp.olx.com.br/baixada-santista-e-litoral-sul/videogames/jogo-para-nintendo-ds-827594638
Jogo para Nintendo DS,R$ 28,https://sp.olx.com.br/baixada-santista-e-litoral-sul/videogames/jogo-para-nintendo-ds-827596684
Jogo para nintendo DS,R$ 28,https://sp.olx.com.br/baixada-santista-e-litoral-sul/videogames/jogo-para-nintendo-ds-827589548
Jogo para nintendo DS,R$ 28,https://sp.olx.com.br/baixada-santista-e-litoral-sul/videogames/jogo-para-nintendo-ds-827588997
Jogo para nintendo DS,R$ 28,https://sp.olx.com.br/baixada-santista-e-litoral-sul/videogames/jogo-para-nintendo-ds-827587914
Jogo para nintendo DS,R$ 28,https://sp.olx.com.br/baixada-santista-e-litoral-sul/videogames/jogo-para-nintendo-ds-827595949
Jogo para nintendo DS,R$ 28,https://sp.olx.com.br/baixada-santista-e-litoral-sul/videogames/jogo-para-nintendo-ds-827588518
MarioKart7,R$ 70,https://sp.olx.com.br/baixada-santista-e-litoral-sul/videogames/mariokart7-832631508
Super Mario 3DLand,R$ 70,https://sp.olx.com.br/baixada-santista-e-litoral-sul/videogames/super-mario-3dland-832531509
Pokémon Nintendo 3ds,R$ 100,https://sp.olx.com.br/baixada-santista-e-litoral-sul/videogames/pokemon-nintendo-3ds-828763786
Jogo Nintendo 3ds pokémon omega,R$ 120,https://sp.olx.com.br/baixada-santista-e-litoral-sul/videogames/jogo-nintendo-3ds-pokemon-omega-828764547
Nintendo 3 dsxl,R$ 1.000,https://sp.olx.com.br/baixada-santista-e-litoral-sul/videogames/nintendo-3-dsxl-827617569
Capa (cover) nintendo switch LITE,R$ 50,https://sp.olx.com.br/baixada-santista-e-litoral-sul/videogames/capa-cover-nintendo-switch-lite-828232498
Nintendo 3ds. LEIA.,R$ 40,https://sp.olx.com.br/baixada-santista-e-litoral-sul/videogames/nintendo-3ds-leia-817092317
Carregador de NDS Lite Original (Semi-Novo),R$ 50,https://sp.olx.com.br/baixada-santista-e-litoral-sul/videogames/carregador-de-nds-lite-original-semi-novo-820812030
Jogos de Nintendo 3DS - Originais,R$ 60,https://sp.olx.com.br/baixada-santista-e-litoral-sul/videogames/jogos-de-nintendo-3ds-originais-825137571
Pokemon X (Seminovo),R$ 80,https://sp.olx.com.br/baixada-santista-e-litoral-sul/videogames/pokemon-x-seminovo-817761051
Assistência Técnica Especializada em Games,,https://sp.olx.com.br/baixada-santista-e-litoral-sul/servicos/assistencia-tecnica-especializada-em-games-837244600
Jogos de Nintendo DS e PSP. ( ler descrição),R$ 100,https://sp.olx.com.br/baixada-santista-e-litoral-sul/videogames/jogos-de-nintendo-ds-e-psp-ler-descricao-833090173
Nintendo Switch,R$ 2.400,https://sp.olx.com.br/baixada-santista-e-litoral-sul/videogames/nintendo-switch-832232663
3DS, DS e Switch - Jogos Novos e Usados,,https://sp.olx.com.br/baixada-santista-e-litoral-sul/videogames/3ds-ds-e-switch-jogos-novos-e-usados-837446120
2 3ds para retirar peças,R$ 350,https://sp.olx.com.br/baixada-santista-e-litoral-sul/videogames/2-3ds-para-retirar-pecas-834727863
Fita Nintendo Atari,R$ 60,https://sp.olx.com.br/baixada-santista-e-litoral-sul/videogames/fita-nintendo-atari-836887913
Nintendo 3DS,R$ 350,https://sp.olx.com.br/baixada-santista-e-litoral-sul/videogames/nintendo-3ds-830232535
Nintendo DS Rosa - Desapego - Aberto a negociar,R$ 275,https://sp.olx.com.br/baixada-santista-e-litoral-sul/videogames/nintendo-ds-rosa-desapego-aberto-a-negociar-821907746
Jogos para Nintendo DS,R$ 150,https://sp.olx.com.br/baixada-santista-e-litoral-sul/videogames/jogos-para-nintendo-ds-827603351
Jogo para nintendo DS,R$ 28,https://sp.olx.com.br/baixada-santista-e-litoral-sul/videogames/jogo-para-nintendo-ds-827595449
Jogo para nintendo DS,R$ 28,https://sp.olx.com.br/baixada-santista-e-litoral-sul/videogames/jogo-para-nintendo-ds-827594962
Jogo para nintendo DS,R$ 28,https://sp.olx.com.br/baixada-santista-e-litoral-sul/videogames/jogo-para-nintendo-ds-827594638
Jogo para Nintendo DS,R$ 28,https://sp.olx.com.br/baixada-santista-e-litoral-sul/videogames/jogo-para-nintendo-ds-827596684
Jogo para nintendo DS,R$ 28,https://sp.olx.com.br/baixada-santista-e-litoral-sul/videogames/jogo-para-nintendo-ds-827589548
Jogo para nintendo DS,R$ 28,https://sp.olx.com.br/baixada-santista-e-litoral-sul/videogames/jogo-para-nintendo-ds-827588997
Jogo para nintendo DS,R$ 28,https://sp.olx.com.br/baixada-santista-e-litoral-sul/videogames/jogo-para-nintendo-ds-827587914
Jogo para nintendo DS,R$ 28,https://sp.olx.com.br/baixada-santista-e-litoral-sul/videogames/jogo-para-nintendo-ds-827595949
Jogo para nintendo DS,R$ 28,https://sp.olx.com.br/baixada-santista-e-litoral-sul/videogames/jogo-para-nintendo-ds-827588518
MarioKart7,R$ 70,https://sp.olx.com.br/baixada-santista-e-litoral-sul/videogames/mariokart7-832631508
Super Mario 3DLand,R$ 70,https://sp.olx.com.br/baixada-santista-e-litoral-sul/videogames/super-mario-3dland-832531509
Pokémon Nintendo 3ds,R$ 100,https://sp.olx.com.br/baixada-santista-e-litoral-sul/videogames/pokemon-nintendo-3ds-828763786
Jogo Nintendo 3ds pokémon omega,R$ 120,https://sp.olx.com.br/baixada-santista-e-litoral-sul/videogames/jogo-nintendo-3ds-pokemon-omega-828764547
Nintendo 3 dsxl,R$ 1.000,https://sp.olx.com.br/baixada-santista-e-litoral-sul/videogames/nintendo-3-dsxl-827617569
Capa (cover) nintendo switch LITE,R$ 50,https://sp.olx.com.br/baixada-santista-e-litoral-sul/videogames/capa-cover-nintendo-switch-lite-828232498
Nintendo 3ds. LEIA.,R$ 40,https://sp.olx.com.br/baixada-santista-e-litoral-sul/videogames/nintendo-3ds-leia-817092317
Carregador de NDS Lite Original (Semi-Novo),R$ 50,https://sp.olx.com.br/baixada-santista-e-litoral-sul/videogames/carregador-de-nds-lite-original-semi-novo-820812030
Jogos de Nintendo 3DS - Originais,R$ 60,https://sp.olx.com.br/baixada-santista-e-litoral-sul/videogames/jogos-de-nintendo-3ds-originais-825137571
Pokemon X (Seminovo),R$ 80,https://sp.olx.com.br/baixada-santista-e-litoral-sul/videogames/pokemon-x-seminovo-817761051
Assistência Técnica Especializada em Games,,https://sp.olx.com.br/baixada-santista-e-litoral-sul/servicos/assistencia-tecnica-especializada-em-games-837244600
Jogos de Nintendo DS e PSP. ( ler descrição),R$ 100,https://sp.olx.com.br/baixada-santista-e-litoral-sul/videogames/jogos-de-nintendo-ds-e-psp-ler-descricao-833090173
Nintendo Switch,R$ 2.400,https://sp.olx.com.br/baixada-santista-e-litoral-sul/videogames/nintendo-switch-832232663
3DS, DS e Switch - Jogos Novos e Usados,,https://sp.olx.com.br/baixada-santista-e-litoral-sul/videogames/3ds-ds-e-switch-jogos-novos-e-usados-837446120
2 3ds para retirar peças,R$ 350,https://sp.olx.com.br/baixada-santista-e-litoral-sul/videogames/2-3ds-para-retirar-pecas-834727863
Fita Nintendo Atari,R$ 60,https://sp.olx.com.br/baixada-santista-e-litoral-sul/videogames/fita-nintendo-atari-836887913
Nintendo 3DS,R$ 350,https://sp.olx.com.br/baixada-santista-e-litoral-sul/videogames/nintendo-3ds-830232535
Nintendo DS Rosa - Desapego - Aberto a negociar,R$ 275,https://sp.olx.com.br/baixada-santista-e-litoral-sul/videogames/nintendo-ds-rosa-desapego-aberto-a-negociar-821907746
Jogos para Nintendo DS,R$ 150,https://sp.olx.com.br/baixada-santista-e-litoral-sul/videogames/jogos-para-nintendo-ds-827603351
Jogo para nintendo DS,R$ 28,https://sp.olx.com.br/baixada-santista-e-litoral-sul/videogames/jogo-para-nintendo-ds-827595449
Jogo para nintendo DS,R$ 28,https://sp.olx.com.br/baixada-santista-e-litoral-sul/videogames/jogo-para-nintendo-ds-827594962
Jogo para nintendo DS,R$ 28,https://sp.olx.com.br/baixada-santista-e-litoral-sul/videogames/jogo-para-nintendo-ds-827594638
Jogo para Nintendo DS,R$ 28,https://sp.olx.com.br/baixada-santista-e-litoral-sul/videogames/jogo-para-nintendo-ds-827596684
Jogo para nintendo DS,R$ 28,https://sp.olx.com.br/baixada-santista-e-litoral-sul/videogames/jogo-para-nintendo-ds-827589548
Jogo para nintendo DS,R$ 28,https://sp.olx.com.br/baixada-santista-e-litoral-sul/videogames/jogo-para-nintendo-ds-827588997
Jogo para nintendo DS,R$ 28,https://sp.olx.com.br/baixada-santista-e-litoral-sul/videogames/jogo-para-nintendo-ds-827587914
Jogo para nintendo DS,R$ 28,https://sp.olx.com.br/baixada-santista-e-litoral-sul/videogames/jogo-para-nintendo-ds-827595949
Jogo para nintendo DS,R$ 28,https://sp.olx.com.br/baixada-santista-e-litoral-sul/videogames/jogo-para-nintendo-ds-827588518
MarioKart7,R$ 70,https://sp.olx.com.br/baixada-santista-e-litoral-sul/videogames/mariokart7-832631508
Super Mario 3DLand,R$ 70,https://sp.olx.com.br/baixada-santista-e-litoral-sul/videogames/super-mario-3dland-832531509
Pokémon Nintendo 3ds,R$ 100,https://sp.olx.com.br/baixada-santista-e-litoral-sul/videogames/pokemon-nintendo-3ds-828763786
Jogo Nintendo 3ds pokémon omega,R$ 120,https://sp.olx.com.br/baixada-santista-e-litoral-sul/videogames/jogo-nintendo-3ds-pokemon-omega-828764547
Nintendo 3 dsxl,R$ 1.000,https://sp.olx.com.br/baixada-santista-e-litoral-sul/videogames/nintendo-3-dsxl-827617569
Capa (cover) nintendo switch LITE,R$ 50,https://sp.olx.com.br/baixada-santista-e-litoral-sul/videogames/capa-cover-nintendo-switch-lite-828232498
Nintendo 3ds. LEIA.,R$ 40,https://sp.olx.com.br/baixada-santista-e-litoral-sul/videogames/nintendo-3ds-leia-817092317
Carregador de NDS Lite Original (Semi-Novo),R$ 50,https://sp.olx.com.br/baixada-santista-e-litoral-sul/videogames/carregador-de-nds-lite-original-semi-novo-820812030
Jogos de Nintendo 3DS - Originais,R$ 60,https://sp.olx.com.br/baixada-santista-e-litoral-sul/videogames/jogos-de-nintendo-3ds-originais-825137571
Pokemon X (Seminovo),R$ 80,https://sp.olx.com.br/baixada-santista-e-litoral-sul/videogames/pokemon-x-seminovo-817761051
Assistência Técnica Especializada em Games,,https://sp.olx.com.br/baixada-santista-e-litoral-sul/servicos/assistencia-tecnica-especializada-em-games-837244600
